id,tag_name,count,excerpt_post_id,wiki_post_id
149358,announcement,0,69362460,69362459
2136,regsvr32,256,10051236,10051235
8287,rpg,256,7080550,7080549
9136,dbexpress,256,7663373,7663372
9213,multiple-domains,256,22931444,22931443
11107,menustrip,256,47237574,47237573
15213,fileserver,256,9275976,9275975
25272,bad-alloc,256,14261589,14261588
34059,pitch,256,37258061,37258060
37612,winrar,256,13178390,13178389
41229,bin-packing,256,21865697,21865696
45833,adaboost,256,10243949,10243948
62189,nslocale,256,13765847,13765846
65182,dbal,256,27906512,27906511
66910,qbytearray,256,11935134,11935133
67672,mmu,256,5598781,5598780
79720,lpsolve,256,17310075,17310074
92418,liferay-aui,256,17009161,17009160
94399,opengl-es-3.0,256,17902267,17902266
95028,charindex,256,18394984,18394983
106595,scala-reflect,256,37520072,37520071
115366,citrus-framework,256,33215717,33215716
115545,selenide,256,33372077,33372076
119618,laravel-valet,256,37136241,37136240
135519,google-cloud-scheduler,256,53181956,53181955
149380,yolov4,256,71612114,71612113
1906,numerical,512,9845757,9845756
35545,claims,512,51760265,51760264
45610,blackberry-eclipse-plugin,512,8594712,8594711
48672,static-code-analysis,512,22877877,22877876
70897,mixpanel,512,8657182,8657181
93368,pfquery,512,17343332,17343331
98777,couchbase-lite,512,20505257,20505256
153625,angular13,512,71786372,71786371
7721,flashdevelop,768,5296255,5296254
9485,yuv,768,10684680,10684679
16118,integral,768,12089990,12089989
63353,galaxy,768,5033069,5033068
84404,rails-i18n,768,13219663,13219662
86535,azure-media-services,768,24619370,24619369
92962,z3py,768,17103356,17103355
106731,multisite,768,25773820,25773819
115034,micropython,768,32921296,32921295
13651,unit-of-work,1024,11223975,11223974
41749,django-south,1024,6438073,6438072
52371,windows-applications,1024,25912235,25912234
69189,extjs3,1024,6908744,6908743
96158,dart-polymer,1024,19381001,19381000
102665,stackexchange.redis,1024,22793898,22793897
112143,cucumber-java,1024,30392590,30392589
10188,sha,1280,9610079,9610078
25549,uitoolbar,1280,5479912,5479911
41343,biopython,1280,8556278,8556277
43642,wif,1280,4550986,4550985
53808,delete-operator,1280,22765763,22765762
87121,fluentd,1280,14035315,14035314
3107,app-config,3072,9030260,9030259
16611,itextsharp,3840,3936251,3936250
104564,android-relativelayout,3840,23878937,23878936
1966,comments,6144,7576964,7576963
69969,css-animations,6912,10417395,10417394
2848,boolean,11264,4913456,4913455
8746,prolog,13056,3948737,3948736
34480,neo4j,22016,4926695,4926694
30824,crowd,1,6065411,6065410
57678,curl-language,1,9874072,9874071
69489,design-debt,1,6176723,6176722
75344,jscc,1,8352654,8352653
80813,bpgsql,1,10859126,10859125
83474,kmem,1,12198968,12198967
84273,korundum,1,12828883,12828882
86712,startup.cmd,1,13837168,13837167
86788,llvm-3.1,1,13866092,13866091
86893,slimpicker,1,13929486,13929485
86990,tracekit,1,13975282,13975281
87277,mapi-audiocopy,1,14117646,14117645
87278,mapi-audiopaste,1,14117652,14117651
87904,ryz,1,14427246,14427245
87955,framejs,1,14450032,14450031
87989,topcased,1,14497586,14497585
88060,tridion-events,1,14520018,14520017
88091,glomosim,1,14517371,14517370
88103,glue-framework,1,14558706,14558705
88245,jquery-checktree,1,14604442,14604441
88290,modula-3,1,14633217,14633216
88370,better-assert,1,15513602,15513601
88496,thinlet,1,14743298,14743297
88579,joone,1,14781463,14781462
88636,gwt-preprocessor,1,14802238,14802237
88665,quick-junit,1,14879462,14879461
88710,clif,1,14837474,14837473
88776,metrofax,1,14878045,14878044
88782,ultimategrid,1,14878555,14878554
88795,ice-validation,1,14903811,14903810
88817,bootstrap-protocol,1,14904739,14904738
88913,fitlibraryweb,1,14962924,14962923
88915,pushmobi,1,14962855,14962854
88948,eval-paste,1,14962703,14962702
89131,crossroads-io,1,15066061,15066060
89235,nucleon,1,15376557,15376556
89268,powertab,1,15156692,15156691
89274,walltime-js,1,15124496,15124495
89436,feedtools,1,15337683,15337682
89511,ccspeed,1,15331905,15331904
89640,cortado,1,15315634,15315633
89827,sjxp,1,15655481,15655480
89835,munq,1,15420481,15420480
90088,pyxmpp2,1,15641315,15641314
90150,vimrunner,1,15655299,15655298
90227,rodf,1,15654559,15654558
90243,fdo,1,15658405,15658404
90301,cromagversion,1,15691846,15691845
90594,emacs-dirtree,1,15912701,15912700
90648,helix-dna-server,1,16295688,16295687
90725,cfnumberref,1,15920755,15920754
90882,moq-rt,1,16002446,16002445
91026,beanstalk-maven-plugin,1,16097809,16097808
91078,portaljs,1,16110449,16110448
91096,hake,1,16137799,16137798
91258,portal-java,1,16222114,16222113
91420,google-webdriver,1,16357784,16357783
91438,caldecott,1,16331900,16331899
91566,mysql-error-1253,1,16397891,16397890
91624,xinha,1,16424059,16424058
92004,smallsql,1,16637213,16637212
92089,adipoli,1,16665728,16665727
92151,html2latex,1,17059259,17059258
92259,studioshell,1,16756236,16756235
92273,tomato-cms,1,16771462,16771461
92275,sprinkle,1,16770687,16770686
92299,parse-ez,1,16781976,16781975
92339,nstore,1,17111438,17111437
92353,onami,1,16803950,16803949
92374,pharlap,1,17012562,17012561
92399,chud,1,16828512,16828511
92524,odata-php-sdk,1,16894433,16894432
92693,fotoware,1,16981729,16981728
92728,oggenc,1,17011900,17011899
92739,ineqdeco,1,17008621,17008620
92792,gimli,1,17255551,17255550
92940,xflr5,1,17096419,17096418
92951,fakeo,1,17106793,17106792
93077,jminix,1,17174501,17174500
93175,compiler-architecture,1,18044083,18044082
93322,firm-real-time,1,17324891,17324890
93497,b2evolution,1,17405678,17405677
93553,mozapps,1,17439754,17439753
93728,venkman,1,17517875,17517874
93794,polyphonic-c#,1,17572885,17572884
93840,prequel,1,17596139,17596138
93843,openrpt,1,17608378,17608377
93856,geo-schema,1,17589835,17589834
94021,pebl,1,17803578,17803577
94025,jonix,1,17683333,17683332
94141,perl-express,1,17991169,17991168
94242,wddatepicker,1,17945789,17945788
94252,jnario,1,17835308,17835307
94255,nsrails,1,17945583,17945582
94457,uberspacify,1,17945891,17945890
94572,shader-model,1,18017973,18017972
94627,shrinkr,1,18064536,18064535
94727,rdlx,1,18112298,18112297
94756,ontopia,1,18130079,18130078
94757,tolog,1,18275218,18275217
94838,bytechannel,1,18285419,18285418
94846,ez-letter,1,18173637,18173636
94873,aol-desktop,1,18275136,18275135
94918,keymasterjs,1,18220489,18220488
94978,opdispatch,1,18257018,18257017
95036,sparks-language,1,18298149,18298148
95084,taskjs,1,18331786,18331785
95108,copy.com,1,18352441,18352440
95279,porta-one,1,18444468,18444467
95358,kix,1,18657865,18657864
95373,flingo,1,18608298,18608297
95427,mongomatic,1,18614128,18614127
95594,telerik-radformdecorator,1,18629955,18629954
95665,grunt-smoosher,1,19280373,19280372
95754,tinymvc,1,18719435,18719434
95770,taip,1,18725828,18725827
95779,tayra,1,18729915,18729914
95900,phamlp,1,20935700,20935699
95919,flash-block,1,18871736,18871735
95931,lisp-unit,1,21035187,21035186
96102,packageinspectionfailed,1,21559307,21559306
96190,clewn,1,18954930,18954929
96193,escape-server,1,19815725,19815724
96301,dtsignalflag,1,19040318,19040317
96591,synctool,1,19191234,19191233
96611,php-analog-package,1,19200066,19200065
97058,sim.js,1,19450677,19450676
97073,routemagic,1,19457531,19457530
97459,tz4net,1,19695513,19695512
97825,handjs,1,19885691,19885690
97932,chui.js,1,19953356,19953355
97939,cool-kitten,1,19969891,19969890
98057,application-level-proxy,1,20039850,20039849
98113,appverse,1,20070548,20070547
98127,watir-jquery,1,20087742,20087741
98139,tmapiclient,1,20486097,20486096
98258,perfect-developer,1,20170253,20170252
98281,underscore.php,1,20322755,20322754
98492,scala-xray,1,20441995,20441994
98638,couchdb-lite,1,20446227,20446226
98654,keyhelp,1,20782442,20782441
98694,keyboard-grab,1,21931654,21931653
98946,havebox,1,20577106,20577105
99106,bck2brwsr,1,20678506,20678505
99124,ionsound,1,20697469,20697468
99151,gyazowin,1,20774945,20774944
99321,mobilejoomla,1,20812904,20812903
99419,codeviz,1,20873349,20873348
99448,chameleonpi,1,20873368,20873367
99466,dbi-profile,1,21778242,21778241
99478,sqlfairy,1,20905202,20905201
99491,groundy,1,20904736,20904735
99519,envision.js,1,20910283,20910282
99646,nsmenuitemcell,1,20996791,20996790
99668,jxtree,1,21012897,21012896
99722,aspmaker,1,21030601,21030600
99893,grmm,1,21117152,21117151
99908,ogd-wien,1,21125330,21125329
99955,topoedit,1,21157765,21157764
99984,twido-suite,1,21179846,21179845
99988,agen-framework,1,21182136,21182135
100008,dapper-lite,1,21234038,21234037
100138,xptable,1,21278424,21278423
100185,mergmicrophone,1,21292080,21292079
100214,transparency.js,1,21312152,21312151
100305,zlib-conduit,1,21359538,21359537
100306,bzlib-conduit,1,21359550,21359549
100328,freecap,1,21378204,21378203
100471,iwrap,1,21451813,21451812
100701,xmlstreamer,1,21576574,21576573
100751,firefox-aurora,1,21750502,21750501
100794,dart-spark,1,21659639,21659638
100816,amarino,1,21670071,21670070
100874,protouser,1,21692017,21692016
101014,c10n,1,21776322,21776321
101033,umbraco-webforms,1,21784858,21784857
101070,shark-compiler,1,21801297,21801296
101072,biohaskell,1,21802541,21802540
101167,messageenumerator,1,21881040,21881039
101174,pagelines-framework,1,21871115,21871114
101262,csvtools,1,21985526,21985525
101268,small-bet,1,21915276,21915275
101433,zipunit,1,22012643,22012642
101467,clustalx,1,22069129,22069128
101484,cobub-razor,1,22115716,22115715
101553,playnomics,1,22091004,22091003
101665,meny-js,1,22159957,22159956
101695,brubeck,1,25221572,25221571
101743,pid-algorithm,1,22225346,22225345
101794,kamianri,1,23108255,23108254
101810,cocoa-spdy,1,22250284,22250283
101858,gazman-sdk,1,22279901,22279900
101868,project-avatar,1,23111212,23111211
101933,umra,1,23107795,23107794
102034,vmid,1,22403636,22403635
102280,nimrod-babel,1,22556010,22556009
102344,monstra,1,22600970,22600969
102389,log4jna,1,22629422,22629421
102561,winrttriggers,1,22730104,22730103
102575,clckwrks,1,22738445,22738444
102624,jtmpl,1,22777991,22777990
102967,phpfreechat,1,23318410,23318409
102980,recordmydesktop,1,22981226,22981225
103009,blend-sdk,1,22998289,22998288
103222,httpbl,1,23121279,23121278
103264,qexception,1,23152014,23152013
103355,deferred-buffer,1,23253827,23253826
103435,struts2-actionflow-plugin,1,23268812,23268811
103499,mocha-cakes,1,23303469,23303468
103540,joodo,1,23318758,23318757
103718,kiwi-template,1,23424433,23424432
103746,sekken,1,23439626,23439625
103760,diet,1,23446540,23446539
103849,delphi-for-php,1,26615475,26615474
103931,xdr-schema,1,23544927,23544926
103957,pingexception,1,23561419,23561418
103983,dartvoid,1,23575743,23575742
103984,vane,1,23575701,23575700
103985,modx-user-groups,1,23576555,23576554
104132,kannotator,1,23649593,23649592
104255,log4d,1,23708837,23708836
104314,editingstate,1,23782566,23782565
104386,tfs2014,1,23791422,23791421
104596,saff-squeeze,1,23897179,23897178
104706,rsghb,1,23961997,23961996
104859,limo,1,24031971,24031970
104892,propeller-tool,1,24049299,24049298
104926,apache-celix,1,24233900,24233899
105033,pavuk,1,24193707,24193706
105094,catchoom-sdk,1,24178926,24178925
105103,krypt-ossl,1,24202800,24202799
105109,ask-fast,1,24205078,24205077
105183,jccd,1,24640848,24640847
105198,jastor,1,24276160,24276159
105200,pytrilinos,1,24635533,24635532
105304,scuery,1,24574903,24574902
105322,zerocloud,1,24380413,24380412
105325,zebus,1,24408856,24408855
105360,sellvana,1,24634395,24634394
105368,logmx,1,24574806,24574805
105401,grunt-spell,1,24574758,24574757
105421,horde3d,1,24453341,24453340
105449,gulp-spellcheck,1,24632696,24632695
105467,kryzhanovskycssminifier,1,24574359,24574358
105568,obviel,1,24579106,24579105
105616,scalejs,1,24613162,24613161
105669,cipixellate,1,24670771,24670770
105715,oracle-spatial-ndm,1,24702533,24702532
105779,lemmon-slider,1,24753554,24753553
105825,keefox,1,24801311,24801310
105899,uiss,1,24874975,24874974
106102,lgbluetooth,1,25061752,25061751
106159,phoria.js,1,25114483,25114482
106183,bugs-everywhere,1,25158765,25158764
106209,sprint.ly,1,25173357,25173356
106272,detex,1,25240837,25240836
106283,opendetex,1,25237652,25237651
106329,doby-grid,1,25286644,25286643
106402,sql-interactive-mode,1,25357559,25357558
106501,tabbedviewnavigator,1,25482995,25482994
106521,lavaboom,1,25483060,25483059
106562,paralleltry,1,25522471,25522470
106847,pivot.js,1,26510069,26510068
107116,objc2j,1,25973644,25973643
107124,gpu-perfstudio,1,25980433,25980432
107137,ocomon,1,25995349,25995348
107159,mcpl,1,26016351,26016350
107185,ocamlbrowser,1,27036798,27036797
107288,erector,1,26184907,26184906
107314,slideshowify,1,26135005,26135004
107359,zengge,1,26959568,26959567
107373,dido,1,26181981,26181980
107484,usdl,1,26959434,26959433
107487,groovy-ldap,1,26294115,26294114
107522,levigo,1,26504731,26504730
107582,skydock,1,26405846,26405845
107666,hubtile,1,26465561,26465560
107784,typecs,1,26558206,26558205
107787,vmerge,1,26559883,26559882
107799,warework,1,26570522,26570521
107828,sones,1,26797307,26797306
107858,pytch-sdk,1,26628364,26628363
107919,httpclientandroidlib,1,26687323,26687322
107957,agiletoolkit-css,1,26795595,26795594
108017,knockout-editables,1,26799253,26799252
108037,ora-29855,1,26809015,26809014
108060,ravello,1,26811273,26811272
108120,keeplayout,1,26880051,26880050
108173,trotinet,1,26912500,26912499
108200,callback-file-system,1,26933643,26933642
108213,zenpen,1,27127504,27127503
108326,specific-install,1,27045936,27045935
108361,lchown,1,27103264,27103263
108384,zendrive,1,27821142,27821141
108387,blackcoffee,1,27127457,27127456
108415,zeroclipboard-1.x,1,27135647,27135646
108435,cldoc,1,27144772,27144771
108646,scatter-ioc,1,27315836,27315835
108666,ibm-css,1,27332307,27332306
108715,ios-subclass,1,27370951,27370950
108722,cvd,1,27373817,27373816
108940,cve-2014-9390,1,27908082,27908081
108943,hubic-api,1,27843122,27843121
108978,rwebspec,1,27601494,27601493
109021,cfstatic,1,27901769,27901768
109051,perl-select,1,27671501,27671500
109062,ledbat,1,27746921,27746920
109087,intellij-10,1,27695678,27695677
109114,scalalab,1,27729925,27729924
109147,webspec,1,27742104,27742103
109169,c2hsc,1,27768683,27768682
109180,mindbreeze,1,27776876,27776875
109259,textlinebounds,1,27876178,27876177
109276,mobileposse,1,27848040,27848039
109277,appenvoy,1,27848020,27848019
109289,sofun,1,27885633,27885632
109386,suro,1,27941322,27941321
109462,dmstoolkit,1,28003953,28003952
109520,nodyn,1,28104882,28104881
109531,maid,1,28059898,28059897
109704,thwait,1,28198086,28198085
109765,pi0,1,28262999,28262998
109896,scalazon,1,28418371,28418370
110023,psia,1,28521825,28521824
110029,node-stringprep,1,28600638,28600637
110083,redis2.8,1,28665811,28665810
110118,nogotofail,1,28601260,28601259
110171,flame.js,1,28665058,28665057
110230,grunt-template-module,1,28907121,28907120
110261,fbide,1,28824191,28824190
110283,icebreak,1,28763544,28763543
110369,os-svc-daemon,1,28846552,28846551
110413,snoocore,1,28887500,28887499
110472,myspin,1,28955709,28955708
110502,kre,1,28972628,28972627
110516,cp864,1,28982666,28982665
110523,dotq,1,28985809,28985807
110531,texdoctk,1,28994510,28994509
110543,imagesquish,1,29012424,29012423
110561,uima-pear,1,29022939,29022938
110596,clojure.walk,1,29045459,29045458
110626,ciplus,1,29079306,29079305
110628,nuiton,1,29094151,29094150
110669,vevocart,1,29134704,29134703
110687,crank,1,29148135,29148134
110704,perl5i,1,29162479,29162478
110724,darkbasic,1,31837398,31837397
110747,random-js,1,29193916,29193915
110936,pminstall,1,29375641,29375640
110957,carlet,1,29389935,29389934
111033,trepn,1,29449233,29449232
111132,destroyed-at,1,29547357,29547356
111351,apivore,1,29714591,29714590
111356,ansi-sparc,1,29716922,29716921
111388,ice-js,1,29748824,29748823
111411,cltl2,1,29770524,29770523
111443,parula,1,29830636,29830635
111472,caat,1,29831462,29831461
111533,bpn,1,29885682,29885681
111584,hippybot,1,29936436,29936435
111596,opennaas,1,30109425,30109424
111641,socko,1,29991268,29991267
111711,autochimp,1,30058676,30058675
111746,action-bar-navigation,1,30069669,30069668
111750,processador-p3,1,30074255,30074254
111925,jd-cmd,1,30233464,30233463
111956,blosxom,1,30275115,30275114
111999,audiolet,1,30270846,30270845
112015,eidors,1,30299336,30299335
112052,saratoga,1,30335146,30335145
112058,javascriptools,1,30324003,30324002
112086,cdrts,1,30349000,30348999
112093,jchronic,1,30358791,30358790
112094,coffeequate,1,30364163,30364162
112098,clay-css,1,30355956,30355955
112146,wcfstorm,1,30858759,30858758
112155,magic-css,1,30426706,30426705
112165,jasmid.js,1,30409304,30409303
112183,ninefold,1,30858665,30858664
112195,nest-initiative,1,30426059,30426058
112387,xpolog-search,1,30607275,30607274
112421,conrec.js,1,30615258,30615257
112583,docooment,1,30858477,30858476
112585,ssistester,1,35855155,35855154
112594,intellij-annotations,1,30858516,30858515
112601,salt-contrib,1,31111958,31111957
112635,repeating-annotations,1,30793089,30793088
112654,component-enabler,1,31642309,31642308
112723,underscore.m,1,30907503,30907502
112725,rabbithole,1,30881693,30881692
112802,gac-32,1,30950715,30950714
112803,gac-64,1,30950724,30950723
112825,sql-med,1,30955094,30955093
112911,fluent-http,1,31025846,31025845
112986,vcl.js,1,31090856,31090855
113003,foundation.js,1,31123591,31123590
113164,enplug-sdk,1,31235840,31235839
113185,ioapi,1,31300456,31300455
113196,gridpak,1,31288422,31288421
113216,degraph,1,31296385,31296384
113218,yorick,1,31298798,31298797
113225,nodetime,1,31305692,31305691
113232,column-header-band,1,31311332,31311331
113319,sheql,1,31404973,31404972
113339,w3c-mobile-checker,1,31420926,31420925
113432,ucip,1,34565990,34565989
113456,change.org,1,31938328,31938327
113514,behavior-ui,1,31557085,31557084
113547,beautify-ios,1,31791124,31791123
113559,optional-operator,1,31584537,31584536
113574,tis-100,1,31597530,31597529
113631,man-in-the-browser,1,31649716,31649715
113654,scalebase,1,31669031,31669030
113720,implementation-agnostic,1,31730526,31730525
113733,cached-resource,1,31745633,31745632
113834,realityserver,1,31848349,31848348
113958,cljc,1,31952704,31952703
113964,yapm,1,31958089,31958088
114012,grunt-html2js,1,32013641,32013640
114114,gridifier,1,32102177,32102176
114212,nowin,1,32186186,32186185
114226,raptordb,1,32195113,32195112
114260,dalliance,1,32221730,32221729
114261,tourist.js,1,32307490,32307489
114280,percheron,1,32240228,32240227
114282,akka-tree,1,32257193,32257192
114446,search-snippet,1,32395285,32395283
114622,classmexer,1,32566276,32566275
114653,gsl-code-generator,1,32593075,32593074
114700,flonum,1,32630664,32630663
114719,atatus,1,32647038,32647037
114748,librarything,1,32708048,32708047
114888,spark-bagel,1,32795156,32795155
114913,execution-api,1,32926996,32926995
114962,barrage,1,32852656,32852655
114994,cinnameg,1,32878880,32878879